1,google.com
2,youtube.com
3,netflix.com
4,facebook.com
5,microsoft.com
6,twitter.com
7,instagram.com
8,baidu.com
9,linkedin.com
10,apple.com
11,wikipedia.org
12,netflix.net
13,zhihu.com
14,qq.com
15,amazon.com
16,googletagmanager.com
17,wordpress.org
18,yahoo.com
19,live.com
20,taobao.com
21,youtu.be
22,pinterest.com
23,vimeo.com
24,adobe.com
25,tmall.com
26,163.com
27,office.com
28,windowsupdate.com
29,zoom.us
30,microsoftonline.com
31,amazonaws.com
32,github.com
33,sogou.com
34,goo.gl
35,bing.com
36,wordpress.com
37,reddit.com
38,bilibili.com
39,bit.ly
40,weibo.com
41,doubleclick.net
42,googleusercontent.com
43,blogspot.com
44,mozilla.org
45,macromedia.com
46,whatsapp.com
47,msn.com
48,so.com
49,sina.com.cn
50,google-analytics.com
51,tumblr.com
52,360.cn
53,skype.com
54,soso.com
55,europa.eu
56,nytimes.com
57,vk.com
58,flickr.com
59,office365.com
60,gravatar.com
61,nih.gov
62,spotify.com
63,soundcloud.com
64,sohu.com
65,apache.org
66,dropbox.com
67,lencr.org
68,medium.com
69,forbes.com
70,t.co
71,canva.com
72,akadns.net
73,cnn.com
74,jd.com
75,akamaiedge.net
76,w3.org
77,myshopify.com
78,cloudflare.com
79,archive.org
80,paypal.com
81,tianya.cn
82,icloud.com
83,github.io
84,1688.com
85,theguardian.com
86,twitch.tv
87,ebay.com
88,chaturbate.com
89,imdb.com
90,sourceforge.net
91,bbc.co.uk
92,tiktok.com
93,csdn.net
94,yahoo.co.jp
95,office.net
96,naver.com
97,sharepoint.com
98,bbc.com
99,miit.gov.cn
100,digicert.com
101,google.com.hk
102,alipay.com
103,forms.gle
104,creativecommons.org
105,force.com
106,who.int
107,outlook.com
108,issuu.com
109,weebly.com
110,t.me
111,windows.net
112,wixsite.com
113,cdc.gov
114,yandex.ru
115,etsy.com
116,aaplimg.com
117,reuters.com
118,sciencedirect.com
119,washingtonpost.com
120,emabrasil.com.br
121,amazon.co.jp
122,tinyurl.com
123,wsj.com
124,amazon.in
125,oracle.com
126,wix.com
127,aliexpress.com
128,wikimedia.org
129,googlesyndication.com
130,bloomberg.com
131,hao123.com
132,douban.com
133,opera.com
134,googleadservices.com
135,bongacams.com
136,youtube-nocookie.com
137,apple-dns.net
138,harvard.edu
139,businessinsider.com
140,researchgate.net
141,imgur.com
142,google.de
143,mail.ru
144,mit.edu
145,ytimg.com
146,stackoverflow.com
147,indeed.com
148,wp.com
149,php.net
150,blogger.com
151,slideshare.net
152,windows.com
153,cnbc.com
154,amazon.co.uk
155,wa.me
156,wiley.com
157,okezone.com
158,fbcdn.net
159,list-manage.com
160,dailymail.co.uk
161,google.co.jp
162,go.com
163,gnu.org
164,nature.com
165,ibm.com
166,youku.com
167,godaddy.com
168,stanford.edu
169,un.org
170,cnet.com
171,doi.org
172,app-measurement.com
173,cloudfront.net
174,tradingview.com
175,usatoday.com
176,fandom.com
177,google.co.in
178,hp.com
179,alibaba.com
180,ok.ru
181,gvt1.com
182,springer.com
183,www.gov.uk
184,intuit.com
185,eventbrite.com
186,nasa.gov
187,booking.com
188,unsplash.com
189,cnblogs.com
190,shopify.com
191,nginx.org
192,surveymonkey.com
193,behance.net
194,yelp.com
195,time.com
196,googlevideo.com
197,telegraph.co.uk
198,npr.org
199,aol.com
200,bitly.com
201,google.com.br
202,aliyun.com
203,mailchimp.com
204,google.co.uk
205,cpanel.net
206,ted.com
207,youdao.com
208,samsung.com
209,scorecardresearch.com
210,zendesk.com
211,akamai.net
212,telegram.org
213,walmart.com
214,nginx.com
215,themeforest.net
216,indiatimes.com
217,wired.com
218,addtoany.com
219,google.cn
220,line.me
221,amazon.de
222,myspace.com
223,salesforce.com
224,facebook.net
225,pikiran-rakyat.com
226,chase.com
227,techcrunch.com
228,amazon-adsystem.com
229,grammarly.com
230,dailymotion.com
231,gvt2.com
232,cpanel.com
233,rakuten.co.jp
234,udemy.com
235,nflxso.net
236,goodreads.com
237,ca.gov
238,huffingtonpost.com
239,instructure.com
240,scribd.com
241,liputan6.com
242,pornhub.com
243,espn.com
244,google.fr
245,squarespace.com
246,freepik.com
247,mysql.com
248,independent.co.uk
249,zillow.com
250,ggpht.com
251,berkeley.edu
252,amzn.to
253,pixabay.com
254,latimes.com
255,tripadvisor.com
256,addthis.com
257,google.es
258,google.it
259,coinmarketcap.com
260,healthline.com
261,googletagservices.com
262,tribunnews.com
263,loc.gov
264,opendns.com
265,statista.com
266,google.ru
267,msedge.net
268,flipkart.com
269,hubspot.com
270,foxnews.com
271,webmd.com
272,quora.com
273,ft.com
274,free.fr
275,fb.com
276,theverge.com
277,akamaized.net
278,adnxs.com
279,demdex.net
280,livejournal.com
281,pki.goog
282,g.page
283,duckduckgo.com
284,investopedia.com
285,sitemaps.org
286,daum.net
287,fiverr.com
288,shutterstock.com
289,beian.gov.cn
290,debian.org
291,wetransfer.com
292,cornell.edu
293,slack.com
294,iqiyi.com
295,prnewswire.com
296,xinhuanet.com
297,binance.com
298,xvideos.com
299,nationalgeographic.com
300,kickstarter.com
301,linktr.ee
302,theatlantic.com
303,arnebrachhold.de
304,taboola.com
305,w3schools.com
306,fda.gov
307,roblox.com
308,intel.com
309,ietf.org
310,ikea.com
311,tandfonline.com
312,cbsnews.com
313,washington.edu
314,toutiao.com
315,cisco.com
316,ilovepdf.com
317,huffpost.com
318,dedecms.com
319,nbcnews.com
320,azure.com
321,marriott.com
322,weather.com
323,marketwatch.com
324,oup.com
325,business.site
326,safebrowsing.apple
327,google.ca
328,statcounter.com
329,snapchat.com
330,aboutads.info
331,deviantart.com
332,mediafire.com
333,giphy.com
334,android.com
335,amazon.ca
336,xhamster.com
337,mailchi.mp
338,pubmatic.com
339,usnews.com
340,rubiconproject.com
341,cambridge.org
342,tencent.com
343,tistory.com
344,sagepub.com
345,jianshu.com
346,zoho.com
347,hugedomains.com
348,jimdo.com
349,calendly.com
350,gmail.com
351,hbr.org
352,coursera.org
353,dell.com
354,primevideo.com
355,nr-data.net
356,deepl.com
357,buzzfeed.com
358,ntp.org
359,msftconnecttest.com
360,princeton.edu
361,americanexpress.com
362,usps.com
363,niuche.com
364,stackexchange.com
365,twimg.com
366,digg.com
367,eastmoney.com
368,box.com
369,evernote.com
370,networkadvertising.org
371,unesco.org
372,rlcdn.com
373,adsrvr.org
374,kompas.com
375,upwork.com
376,britannica.com
377,state.gov
378,merdeka.com
379,criteo.com
380,academia.edu
381,usda.gov
382,irs.gov
383,webex.com
384,akismet.com
385,allaboutcookies.org
386,pchouse.com.cn
387,pinimg.com
388,ups.com
389,bandcamp.com
390,fedex.com
391,change.org
392,mayoclinic.org
393,akamaihd.net
394,wikihow.com
395,trustpilot.com
396,about.com
397,whitehouse.gov
398,discord.com
399,airbnb.com
400,casalemedia.com
401,economist.com
402,typepad.com
403,wellsfargo.com
404,pbs.org
405,pexels.com
406,speedtest.net
407,nypost.com
408,apple.news
409,trello.com
410,constantcontact.com
411,launchpad.net
412,businesswire.com
413,sciencemag.org
414,disneyplus.com
415,2mdn.net
416,disqus.com
417,ampproject.org
418,digikala.com
419,detik.com
420,foodmate.net
421,epa.gov
422,fastly.net
423,openx.net
424,msftncsi.com
425,patreon.com
426,arcgis.com
427,umich.edu
428,mashable.com
429,cctv.com
430,rt.com
431,istockphoto.com
432,craigslist.org
433,columbia.edu
434,bidswitch.net
435,vice.com
436,newrelic.com
437,wkzuche.com
438,azureedge.net
439,steampowered.com
440,worldbank.org
441,homedepot.com
442,typeform.com
443,fb.me
444,noaa.gov
445,zdnet.com
446,redhat.com
447,psu.edu
448,vox.com
449,cdstm.cn
450,jmw.com.cn
451,eepurl.com
452,cbc.ca
453,trafficmanager.net
454,verisign.com
455,dribbble.com
456,moatads.com
457,ameblo.jp
458,uol.com.br
459,target.com
460,iso.org
461,sciencedaily.com
462,douyu.com
463,sfx.ms
464,outbrain.com
465,merriam-webster.com
466,google.com.sg
467,telegram.me
468,stripe.com
469,pixnet.net
470,getpocket.com
471,hulu.com
472,investing.com
473,fc2.com
474,feedburner.com
475,jquery.com
476,yale.edu
477,psychologytoday.com
478,example.com
479,gofundme.com
480,advertising.com
481,abc.net.au
482,upenn.edu
483,padlet.com
484,engadget.com
485,qualtrics.com
486,wpengine.com
487,fastcompany.com
488,elsevier.com
489,whatsapp.net
490,globo.com
491,stumbleupon.com
492,bmj.com
493,3lift.com
494,smallpdf.com
495,deloitte.com
496,inc.com
497,ebay.de
498,newyorker.com
499,webs.com
500,canada.ca
501,theconversation.com
502,ox.ac.uk
503,meetup.com
504,wisc.edu
505,bestbuy.com
506,kakao.com
507,plos.org
508,zerodha.com
509,chinaz.com
510,notion.so
511,apnews.com
512,gosuslugi.ru
513,envato.com
514,fortune.com
515,savefrom.net
516,weforum.org
517,ieee.org
518,hbomax.com
519,glassdoor.com
520,mozilla.com
521,bluekai.com
522,teamviewer.com
523,dw.com
524,gizmodo.com
525,trendyol.com
526,google.com.tr
527,jotform.com
528,discord.gg
529,cdninstagram.com
530,entrepreneur.com
531,agkn.com
532,google.com.mx
533,capitalone.com
534,google.com.tw
535,people.com.cn
536,secureserver.net
537,everesttech.net
538,nike.com
539,umn.edu
540,tripod.com
541,biomedcentral.com
542,gotowebinar.com
543,varzesh3.com
544,huawei.com
545,mzstatic.com
546,medicalnewstoday.com
547,avito.ru
548,bbb.org
549,mckinsey.com
550,yimg.com
551,chess.com
552,hupu.com
553,redfin.com
554,hotjar.com
555,youronlinechoices.com
556,scientificamerican.com
557,plesk.com
558,tapad.com
559,sun.com
560,mathtag.com
561,oreilly.com
562,ubuntu.com
563,apa.org
564,newsweek.com
565,hdfcbank.com
566,jhu.edu
567,opensea.io
568,ca168.com
569,quantserve.com
570,adp.com
571,hootsuite.com
572,geocities.com
573,arxiv.org
574,nvidia.com
575,ebay.co.uk
576,guardian.co.uk
577,adsafeprotected.com
578,xueqiu.com
579,telewebion.com
580,oecd.org
581,fidelity.com
582,uci.edu
583,sfgate.com
584,appsflyer.com
585,adobe.io
586,accuweather.com
587,ucla.edu
588,mercari.com
589,krxd.net
590,att.com
591,bankofamerica.com
592,bluehost.com
593,visualstudio.com
594,cam.ac.uk
595,elpais.com
596,python.org
597,crashlytics.com
598,fontawesome.com
599,photobucket.com
600,amazon.fr
601,ftc.gov
602,wiktionary.org
603,smzdm.com
604,cmu.edu
605,realtor.com
606,nps.gov
607,elegantthemes.com
608,quizlet.com
609,pcmag.com
610,chicagotribune.com
611,pewresearch.org
612,media.net
613,docker.com
614,aboutcookies.org
615,sentry.io
616,slate.com
617,indiegogo.com
618,ed.gov
619,hilton.com
620,hotstar.com
621,redd.it
622,azurewebsites.net
623,doubleverify.com
624,fao.org
625,smartadserver.com
626,autohome.com.cn
627,namu.wiki
628,nikkei.com
629,bizjournals.com
630,utexas.edu
631,steamcommunity.com
632,wayfair.com
633,timeanddate.com
634,ndtv.com
635,google.pl
636,openstreetmap.org
637,atlassian.com
638,vkontakte.ru
639,heavy.com
640,jstor.org
641,xing.com
642,arstechnica.com
643,thelancet.com
644,thepaper.cn
645,okta.com
646,uchicago.edu
647,worldometers.info
648,pnas.org
649,mirror.co.uk
650,nist.gov
651,cbslocal.com
652,myworkday.com
653,fool.com
654,gartner.com
655,si.edu
656,lenovo.com
657,spotxchange.com
658,uk.com
659,google.com.au
660,thesun.co.uk
661,xnxx.com
662,google.com.ar
663,google.co.th
664,mdpi.com
665,house.gov
666,mercadolibre.com.ar
667,bet9ja.com
668,crwdcntrl.net
669,grid.id
670,amazon.es
671,gitlab.com
672,ny.gov
673,japanpost.jp
674,nicovideo.jp
675,anchor.fm
676,chron.com
677,pinterest.ca
678,wikia.com
679,jsdelivr.net
680,qz.com
681,miitbeian.gov.cn
682,howstuffworks.com
683,3dmgame.com
684,albawabhnews.com
685,barnesandnoble.com
686,digifinex.com
687,com.com
688,variety.com
689,substack.com
690,licdn.com
691,rollingstone.com
692,politico.com
693,symantec.com
694,adform.net
695,livescience.com
696,jamanetwork.com
697,frontiersin.org
698,altervista.org
699,nba.com
700,spiegel.de
701,census.gov
702,thawte.com
703,ign.com
704,media-amazon.com
705,verizon.com
706,360doc.com
707,orange.fr
708,bet365.com
709,asos.com
710,www.gov.cn
711,playstation.com
712,uber.com
713,geeksforgeeks.org
714,dotomi.com
715,science.org
716,purdue.edu
717,youm7.com
718,usc.edu
719,icicibank.com
720,ozon.ru
721,usgs.gov
722,appspot.com
723,acs.org
724,metropoles.com
725,nyu.edu
726,chinadaily.com.cn
727,lijit.com
728,ltn.com.tw
729,suara.com
730,globenewswire.com
731,smh.com.au
732,sharethrough.com
733,googleapis.com
734,sec.gov
735,1rx.io
736,bls.gov
737,vmware.com
738,ifeng.com
739,typekit.net
740,omtrdc.net
741,cdn-apple.com
742,hhs.gov
743,aljazeera.com
744,senate.gov
745,uiuc.edu
746,criteo.net
747,turn.com
748,googleblog.com
749,aliexpress.ru
750,moneycontrol.com
751,sectigo.com
752,news.com.au
753,khanacademy.org
754,nydailynews.com
755,techradar.com
756,farfetch.com
757,jb51.net
758,lazada.sg
759,autodesk.com
760,seekingalpha.com
761,mercadolibre.com.mx
762,liadm.com
763,tiktokv.com
764,amazon.it
765,venturebeat.com
766,zemanta.com
767,hmyadan.com
768,readthedocs.io
769,teads.tv
770,wildberries.ru
771,remove.bg
772,tableau.com
773,about.me
774,thetimes.co.uk
775,google.com.eg
776,cookielaw.org
777,unicef.org
778,withgoogle.com
779,discordapp.com
780,google.co.id
781,icloud-content.com
782,umeng.com
783,shopee.tw
784,ufl.edu
785,shareasale.com
786,msu.edu
787,us.com
788,nejm.org
789,bidr.io
790,wp.me
791,matterport.com
792,google.com.sa
793,docusign.com
794,spankbang.com
795,slashdot.org
796,tremorhub.com
797,bootstrapcdn.com
798,proofpoint.com
799,zol.com.cn
800,lifehacker.com
801,thefreedictionary.com
802,edgekey.net
803,scmp.com
804,bitnami.com
805,www.nhs.uk
806,dhl.com
807,in.gr
808,ucsd.edu
809,adobedtm.com
810,dictionary.com
811,feedly.com
812,express.co.uk
813,braze.com
814,thehill.com
815,history.com
816,ria.ru
817,xbox.com
818,sky.com
819,fb.watch
820,instructables.com
821,ea.com
822,duke.edu
823,today.com
824,go-mpulse.net
825,java.com
826,tiktokcdn.com
827,patch.com
828,comodoca.com
829,thedailybeast.com
830,ning.com
831,people.com
832,nhk.or.jp
833,live.net
834,branch.io
835,lemonde.fr
836,asana.com
837,netscape.com
838,sakura.ne.jp
839,thesaurus.com
840,eff.org
841,gamespot.com
842,hatena.ne.jp
843,techtarget.com
844,softonic.com
845,theglobeandmail.com
846,m.me
847,prezi.com
848,utoronto.ca
849,umd.edu
850,hollywoodreporter.com
851,indianexpress.com
852,reverso.net
853,dot.gov
854,google.co.kr
855,digitaltrends.com
856,rambler.ru
857,pwc.com
858,squareup.com
859,amazon.com.mx
860,blogspot.co.uk
861,postgresql.org
862,optimizely.com
863,asus.com
864,ssl-images-amazon.com
865,northwestern.edu
866,mixcloud.com
867,getbootstrap.com
868,sahibinden.com
869,appcenter.ms
870,avast.com
871,contextweb.com
872,allegro.pl
873,foursquare.com
874,yahoodns.net
875,coupang.com
876,unc.edu
877,etoro.com
878,mystrikingly.com
879,rokna.net
880,tokopedia.com
881,rottentomatoes.com
882,automattic.com
883,sitescout.com
884,norton.com
885,houzz.com
886,enable-javascript.com
887,myworkdayjobs.com
888,nymag.com
889,itu.int
890,xiaohongshu.com
891,urbandictionary.com
892,truste.com
893,over-blog.com
894,360yield.com
895,libsyn.com
896,onlinesbi.com
897,indiamart.com
898,zhibo8.cc
899,nga.cn
900,epicgames.com
901,alexa.com
902,earthlink.net
903,uspto.gov
904,moodle.org
905,costco.com
906,ssrn.com
907,adjust.com
908,cutt.ly
909,justice.gov
910,expedia.com
911,emxdgt.com
912,siemens.com
913,hindustantimes.com
914,breitbart.com
915,edgesuite.net
916,newscientist.com
917,cloudflare.net
918,a2z.com
919,illinois.edu
920,mitre.org
921,xfinity.com
922,arizona.edu
923,nfl.com
924,drupal.org
925,hicloud.com
926,admin.ch
927,trustarc.com
928,citi.com
929,shaparak.ir
930,privacyshield.gov
931,filesusr.com
932,imrworldwide.com
933,parallels.com
934,genius.com
935,inquirer.net
936,perfectdomain.com
937,weibo.cn
938,gallup.com
939,y2mate.com
940,web.de
941,sap.com
942,metro.co.uk
943,nsw.gov.au
944,miibeian.gov.cn
945,themeisle.com
946,asu.edu
947,woocommerce.com
948,huanqiu.com
949,boston.com
950,onetrust.com
951,joomla.org
952,id5-sync.com
953,bugsnag.com
954,neilpatel.com
955,ow.ly
956,shopee.co.id
957,flashtalking.com
958,ucdavis.edu
959,lowes.com
960,usembassy.gov
961,mixpanel.com
962,audible.com
963,macys.com
964,euronews.com
965,hostgator.com
966,op.gg
967,moz.com
968,smithsonianmag.com
969,angelfire.com
970,service.gov.uk
971,linksynergy.com
972,manoramaonline.com
973,exelator.com
974,adsymptotic.com
975,kernel.org
976,google.com.ua
977,wufoo.com
978,gumroad.com
979,unity3d.com
980,google.nl
981,mapquest.com
982,fcc.gov
983,wunderground.com
984,hatenablog.com
985,rutgers.edu
986,podbean.com
987,zoominfo.com
988,ensonhaber.com
989,docusign.net
990,ubc.ca
991,nasdaq.com
992,mookie1.com
993,delgarm.com
994,shimo.im
995,lww.com
996,usa.gov
997,mega.nz
998,treasury.gov
999,duolingo.com
1000,phys.org
